-- phpMyAdmin SQL Dump
-- version 4.5.1
-- http://www.phpmyadmin.net
--
-- Host: 127.0.0.1
-- Generation Time: Dec 27, 2020 at 03:12 PM
-- Server version: 10.1.16-MariaDB
-- PHP Version: 7.0.9

SET SQL_MODE = "NO_AUTO_VALUE_ON_ZERO";
SET time_zone = "+00:00";


/*!40101 SET @OLD_CHARACTER_SET_CLIENT=@@CHARACTER_SET_CLIENT */;
/*!40101 SET @OLD_CHARACTER_SET_RESULTS=@@CHARACTER_SET_RESULTS */;
/*!40101 SET @OLD_COLLATION_CONNECTION=@@COLLATION_CONNECTION */;
/*!40101 SET NAMES utf8mb4 */;

--
-- Database: `db_doctor_schedule`
--

-- --------------------------------------------------------

--
-- Table structure for table `tbl_message`
--

CREATE TABLE `tbl_message` (
  `id` int(11) NOT NULL,
  `name` varchar(255) NOT NULL,
  `email` varchar(255) NOT NULL,
  `subject` text NOT NULL,
  `message` text NOT NULL
) ENGINE=InnoDB DEFAULT CHARSET=latin1;

--
-- Dumping data for table `tbl_message`
--

INSERT INTO `tbl_message` (`id`, `name`, `email`, `subject`, `message`) VALUES
(1, 'Famida Akter', 'fahmida@gmail.com', 'problem ', 'i cant find my schedule.'),
(4, 'Fahmida Akter', 'fahmida@gmail.com', 'problem', 'my schedule in not found.'),
(5, 'fahmida', 'fahmida@gmail.com', 'problem', 'i have a problem on my off day.'),
(7, 'fahmida', 'fahmida@gmail.com', 'problem', 'i have a problem on my off day.'),
(8, 'fahmida', 'fahmida@gmail.com', 'problem', 'i have a problem. ');

-- --------------------------------------------------------

--
-- Table structure for table `tbl_offday`
--

CREATE TABLE `tbl_offday` (
  `id` int(255) NOT NULL,
  `day` varchar(255) NOT NULL,
  `user_id` int(255) NOT NULL,
  `Oparant_id` int(11) NOT NULL
) ENGINE=InnoDB DEFAULT CHARSET=latin1;

--
-- Dumping data for table `tbl_offday`
--

INSERT INTO `tbl_offday` (`id`, `day`, `user_id`, `Oparant_id`) VALUES
(1, 'Saturday', 10, 2),
(4, 'Sunday', 9, 2),
(7, 'Monday', 8, 2),
(8, 'Wednesday', 11, 2),
(9, 'Monday', 11, 2),
(10, 'Saturday', 16, 15),
(11, 'Sunday', 17, 15),
(12, 'Monday', 18, 15),
(13, 'Sunday', 23, 21),
(14, 'Monday', 26, 24),
(15, 'Monday', 28, 27);

-- --------------------------------------------------------

--
-- Table structure for table `tbl_schedule`
--

CREATE TABLE `tbl_schedule` (
  `id` int(100) NOT NULL,
  `user_id` int(100) NOT NULL,
  `date` varchar(255) NOT NULL,
  `attendance_status` int(11) NOT NULL
) ENGINE=InnoDB DEFAULT CHARSET=latin1;

--
-- Dumping data for table `tbl_schedule`
--

INSERT INTO `tbl_schedule` (`id`, `user_id`, `date`, `attendance_status`) VALUES
(1, 8, '1577988000', 0),
(2, 8, '1578160800', 0),
(3, 8, '1578333600', 0),
(4, 8, '1578506400', 0),
(5, 8, '1578679200', 0),
(6, 8, '1578852000', 0),
(7, 8, '1579024800', 0),
(8, 8, '1579197600', 0),
(9, 8, '1579370400', 0),
(10, 8, '1579543200', 1),
(11, 8, '1579716000', 0),
(12, 8, '1579888800', 0),
(13, 8, '1580061600', 0),
(14, 8, '1580234400', 0),
(15, 8, '1580407200', 0),
(16, 8, '1580580000', 0),
(17, 10, '1606932000', 0),
(18, 10, '1607277600', 0),
(19, 10, '1607450400', 0),
(20, 10, '1607623200', 1),
(21, 10, '1607796000', 1),
(22, 10, '1607968800', 1),
(23, 10, '1608141600', 0),
(24, 10, '1608487200', 0),
(25, 10, '1608660000', 1),
(26, 10, '1608832800', 1),
(27, 10, '1609005600', 1),
(28, 10, '1609178400', 1),
(29, 10, '1609351200', 0),
(30, 8, '1585764000', 0),
(31, 8, '1585850400', 0),
(32, 8, '1585936800', 0),
(33, 8, '1586023200', 0),
(34, 8, '1586109600', 0),
(35, 8, '1586196000', 0),
(36, 8, '1586282400', 0),
(37, 8, '1586368800', 0),
(38, 8, '1586455200', 0),
(39, 8, '1586541600', 0),
(40, 8, '1586628000', 0),
(41, 8, '1586714400', 0),
(42, 8, '1586800800', 0),
(43, 8, '1586887200', 0),
(44, 8, '1586973600', 0),
(45, 8, '1587060000', 0),
(46, 8, '1587146400', 0),
(47, 8, '1587232800', 0),
(48, 8, '1587319200', 0),
(49, 8, '1587405600', 0),
(50, 8, '1587492000', 0),
(51, 8, '1587578400', 0),
(52, 8, '1587664800', 0),
(53, 8, '1587751200', 0),
(54, 8, '1587837600', 0),
(55, 8, '1587924000', 0),
(56, 8, '1588010400', 0),
(57, 8, '1588096800', 0),
(58, 8, '1588183200', 0),
(59, 8, '1588269600', 0),
(60, 8, '1580580000', 0),
(61, 8, '1580666400', 0),
(62, 8, '1580752800', 0),
(63, 8, '1580839200', 0),
(64, 8, '1580925600', 0),
(65, 8, '1581012000', 0),
(66, 8, '1581098400', 0),
(67, 8, '1581184800', 0),
(68, 8, '1581271200', 0),
(69, 8, '1581357600', 0),
(70, 8, '1581444000', 0),
(71, 8, '1581530400', 0),
(72, 8, '1581616800', 0),
(73, 8, '1581703200', 0),
(74, 8, '1581789600', 0),
(75, 8, '1581876000', 0),
(76, 8, '1581962400', 0),
(77, 8, '1582048800', 0),
(78, 8, '1582135200', 0),
(79, 8, '1582221600', 0),
(80, 8, '1582308000', 0),
(81, 8, '1582394400', 0),
(82, 8, '1582480800', 0),
(83, 8, '1582567200', 0),
(84, 8, '1582653600', 0),
(85, 8, '1582740000', 0),
(86, 8, '1582826400', 0),
(87, 8, '1582912800', 0),
(88, 8, '1582999200', 0),
(89, 0, '', 0),
(90, 0, '', 0),
(91, 0, '', 0),
(92, 0, '', 0),
(93, 0, '', 0),
(94, 0, '', 0),
(95, 0, '', 0),
(96, 0, '', 0),
(97, 0, '', 0),
(98, 11, '1577988000', 0),
(99, 11, '1578160800', 0),
(100, 11, '1578333600', 0),
(101, 11, '1578506400', 0),
(102, 11, '1578679200', 0),
(103, 11, '1578852000', 0),
(104, 11, '1579197600', 0),
(105, 11, '1579370400', 0),
(106, 11, '1579543200', 0),
(107, 11, '1579716000', 0),
(108, 11, '1579888800', 0),
(109, 11, '1580061600', 0),
(110, 11, '1580407200', 0),
(111, 11, '1580580000', 0),
(112, 11, '1606932000', 0),
(113, 11, '1607018400', 0),
(114, 11, '1607104800', 0),
(115, 11, '1607191200', 0),
(116, 11, '1607277600', 0),
(117, 11, '1607364000', 0),
(118, 11, '1607536800', 0),
(119, 11, '1607623200', 0),
(120, 11, '1607709600', 0),
(121, 11, '1607796000', 0),
(122, 11, '1607882400', 0),
(123, 11, '1607968800', 0),
(124, 11, '1608141600', 0),
(125, 11, '1608228000', 0),
(126, 11, '1608314400', 0),
(127, 11, '1608400800', 0),
(128, 11, '1608487200', 0),
(129, 11, '1608573600', 0),
(130, 11, '1608746400', 1),
(131, 11, '1608832800', 1),
(132, 11, '1608919200', 1),
(133, 11, '1609005600', 1),
(134, 11, '1609092000', 1),
(135, 11, '1609178400', 1),
(136, 11, '1609351200', 1),
(137, 11, '1609437600', 0),
(138, 11, '1606932000', 0),
(139, 11, '1607018400', 0),
(140, 11, '1607104800', 0),
(141, 11, '1607191200', 0),
(142, 11, '1607277600', 0),
(143, 11, '1607364000', 0),
(144, 11, '1607536800', 0),
(145, 11, '1607623200', 0),
(146, 11, '1607709600', 0),
(147, 11, '1607796000', 0),
(148, 11, '1607882400', 0),
(149, 11, '1607968800', 0),
(150, 11, '1608141600', 0),
(151, 11, '1608228000', 0),
(152, 11, '1608314400', 0),
(153, 11, '1608400800', 0),
(154, 11, '1608487200', 0),
(155, 11, '1608573600', 0),
(156, 11, '1608746400', 0),
(157, 11, '1608832800', 0),
(158, 11, '1608919200', 0),
(159, 11, '1609005600', 0),
(160, 11, '1609092000', 0),
(161, 11, '1609178400', 0),
(162, 11, '1609351200', 0),
(163, 11, '1609437600', 0),
(164, 11, '1606932000', 0),
(165, 11, '1607018400', 0),
(166, 11, '1607104800', 0),
(167, 11, '1607191200', 0),
(168, 11, '1607277600', 0),
(169, 11, '1607364000', 0),
(170, 11, '1607536800', 0),
(171, 11, '1607623200', 0),
(172, 11, '1607709600', 0),
(173, 11, '1607796000', 0),
(174, 11, '1607882400', 0),
(175, 11, '1607968800', 0),
(176, 11, '1608141600', 0),
(177, 11, '1608228000', 0),
(178, 11, '1608314400', 0),
(179, 11, '1608400800', 0),
(180, 11, '1608487200', 0),
(181, 11, '1608573600', 0),
(182, 11, '1608746400', 0),
(183, 11, '1608832800', 0),
(184, 11, '1608919200', 0),
(185, 11, '1609005600', 0),
(186, 11, '1609092000', 0),
(187, 11, '1609178400', 0),
(188, 11, '1609351200', 0),
(189, 11, '1609437600', 0),
(190, 9, '1577988000', 0),
(191, 9, '1578333600', 0),
(192, 9, '1578506400', 0),
(193, 9, '1578679200', 0),
(194, 9, '1578852000', 0),
(195, 9, '1579024800', 0),
(196, 9, '1579197600', 0),
(197, 9, '1579543200', 0),
(198, 9, '1579716000', 0),
(199, 9, '1579888800', 0),
(200, 9, '1580061600', 0),
(201, 9, '1580234400', 0),
(202, 9, '1580407200', 0),
(203, 9, '1606845600', 0),
(204, 9, '1606932000', 0),
(205, 9, '1607018400', 0),
(206, 9, '1607104800', 0),
(207, 9, '1607277600', 0),
(208, 9, '1607364000', 0),
(209, 9, '1607450400', 0),
(210, 9, '1607536800', 0),
(211, 9, '1607623200', 1),
(212, 9, '1607709600', 1),
(213, 9, '1607882400', 0),
(214, 9, '1607968800', 0),
(215, 9, '1608055200', 0),
(216, 9, '1608141600', 0),
(217, 9, '1608228000', 0),
(218, 9, '1608314400', 0),
(219, 9, '1608487200', 0),
(220, 9, '1608573600', 0),
(221, 9, '1608660000', 0),
(222, 9, '1608746400', 0),
(223, 9, '1608832800', 0),
(224, 9, '1608919200', 0),
(225, 9, '1609092000', 0),
(226, 9, '1609178400', 0),
(227, 9, '1609264800', 0),
(228, 9, '1609351200', 0),
(229, 9, '1609437600', 0),
(230, 9, '86400', 0),
(231, 9, '172800', 0),
(232, 9, '345600', 0),
(233, 9, '432000', 0),
(234, 9, '518400', 0),
(235, 9, '604800', 0),
(236, 9, '691200', 0),
(237, 9, '777600', 0),
(238, 9, '950400', 0),
(239, 9, '1036800', 0),
(240, 9, '1123200', 0),
(241, 9, '1209600', 0),
(242, 9, '1296000', 0),
(243, 9, '1382400', 0),
(244, 9, '1555200', 0),
(245, 9, '1641600', 0),
(246, 9, '1728000', 0),
(247, 9, '1814400', 0),
(248, 9, '1900800', 0),
(249, 9, '1987200', 0),
(250, 9, '2160000', 0),
(251, 9, '2246400', 0),
(252, 9, '2332800', 0),
(253, 9, '2419200', 0),
(254, 9, '2505600', 0),
(255, 9, '2592000', 0),
(256, 9, '1609524000', 0),
(257, 9, '1609696800', 0),
(258, 9, '1609783200', 0),
(259, 9, '1609869600', 0),
(260, 9, '1609956000', 0),
(261, 9, '1610042400', 0),
(262, 9, '1610128800', 0),
(263, 9, '1610301600', 0),
(264, 9, '1610388000', 0),
(265, 9, '1610474400', 0),
(266, 9, '1610560800', 0),
(267, 9, '1610647200', 0),
(268, 9, '1610733600', 0),
(269, 9, '1610906400', 0),
(270, 9, '1610992800', 0),
(271, 9, '1611079200', 0),
(272, 9, '1611165600', 0),
(273, 9, '1611252000', 0),
(274, 9, '1611338400', 0),
(275, 9, '1611511200', 0),
(276, 9, '1611597600', 0),
(277, 9, '1611684000', 0),
(278, 9, '1611770400', 0),
(279, 9, '1611856800', 0),
(280, 9, '1611943200', 0),
(281, 9, '1612116000', 0),
(282, 16, '1609610400', 1),
(283, 16, '1609696800', 1),
(284, 16, '1609783200', 1),
(285, 16, '1609869600', 1),
(286, 16, '1609956000', 0),
(287, 16, '1610042400', 1),
(288, 16, '1610215200', 0),
(289, 16, '1610301600', 0),
(290, 16, '1610388000', 0),
(291, 16, '1610474400', 0),
(292, 16, '1610560800', 0),
(293, 16, '1610647200', 0),
(294, 16, '1610820000', 0),
(295, 16, '1610906400', 0),
(296, 16, '1610992800', 0),
(297, 16, '1611079200', 0),
(298, 16, '1611165600', 0),
(299, 16, '1611252000', 0),
(300, 16, '1611424800', 0),
(301, 16, '1611511200', 0),
(302, 16, '1611597600', 0),
(303, 16, '1611684000', 0),
(304, 16, '1611770400', 0),
(305, 16, '1611856800', 0),
(306, 16, '1612029600', 0),
(307, 16, '1612116000', 0),
(308, 17, '1612288800', 0),
(309, 17, '1612461600', 0),
(310, 17, '1612807200', 0),
(311, 17, '1612980000', 0),
(312, 17, '1613152800', 0),
(313, 17, '1613325600', 0),
(314, 17, '1613498400', 0),
(315, 17, '1613671200', 0),
(316, 17, '1614016800', 0),
(317, 17, '1614189600', 0),
(318, 17, '1614362400', 0),
(319, 17, '1614535200', 0),
(320, 17, '1614708000', 0),
(321, 17, '1614880800', 0),
(322, 17, '1615226400', 0),
(323, 17, '1615399200', 0),
(324, 17, '1615572000', 0),
(325, 17, '1615744800', 0),
(326, 17, '1615917600', 0),
(327, 17, '1616090400', 0),
(328, 17, '1616436000', 0),
(329, 17, '1616608800', 0),
(330, 17, '1616781600', 0),
(331, 17, '1616954400', 0),
(332, 17, '1617127200', 0),
(333, 17, '1617300000', 0),
(334, 23, '1609524000', 0),
(335, 23, '1609696800', 0),
(336, 23, '1609783200', 0),
(337, 23, '1609869600', 0),
(338, 23, '1609956000', 0),
(339, 23, '1610042400', 0),
(340, 23, '1610128800', 0),
(341, 23, '1610301600', 0),
(342, 23, '1610388000', 0),
(343, 23, '1610474400', 0),
(344, 23, '1610560800', 0),
(345, 23, '1610647200', 0),
(346, 23, '1610733600', 0),
(347, 23, '1610906400', 0),
(348, 23, '1610992800', 0),
(349, 23, '1611079200', 0),
(350, 23, '1611165600', 0),
(351, 23, '1611252000', 0),
(352, 23, '1611338400', 0),
(353, 23, '1611511200', 0),
(354, 23, '1611597600', 0),
(355, 23, '1611684000', 0),
(356, 23, '1611770400', 0),
(357, 23, '1611856800', 0),
(358, 23, '1611943200', 0),
(359, 23, '1612116000', 0),
(360, 26, '1609610400', 0),
(361, 26, '1609783200', 0),
(362, 26, '1609956000', 0),
(363, 26, '1610128800', 0),
(364, 26, '1610474400', 0),
(365, 26, '1610647200', 0),
(366, 26, '1610820000', 0),
(367, 26, '1610992800', 0),
(368, 26, '1611165600', 0),
(369, 26, '1611338400', 0),
(370, 26, '1611684000', 0),
(371, 26, '1611856800', 0),
(372, 26, '1612029600', 0),
(373, 26, '1612202400', 0),
(374, 28, '1609524000', 1),
(375, 28, '1609610400', 1),
(376, 28, '1609783200', 0),
(377, 28, '1609869600', 0),
(378, 28, '1609956000', 0),
(379, 28, '1610042400', 0),
(380, 28, '1610128800', 0),
(381, 28, '1610215200', 0),
(382, 28, '1610388000', 0),
(383, 28, '1610474400', 0),
(384, 28, '1610560800', 0),
(385, 28, '1610647200', 0),
(386, 28, '1610733600', 0),
(387, 28, '1610820000', 0),
(388, 28, '1610992800', 0),
(389, 28, '1611079200', 0),
(390, 28, '1611165600', 0),
(391, 28, '1611252000', 0),
(392, 28, '1611338400', 0),
(393, 28, '1611424800', 0),
(394, 28, '1611597600', 0),
(395, 28, '1611684000', 0),
(396, 28, '1611770400', 0),
(397, 28, '1611856800', 0),
(398, 28, '1611943200', 0),
(399, 28, '1612029600', 0),
(400, 28, '1609524000', 0),
(401, 28, '1609610400', 0),
(402, 28, '1609783200', 0),
(403, 28, '1609869600', 0),
(404, 28, '1609956000', 0),
(405, 28, '1610042400', 0),
(406, 28, '1610128800', 0),
(407, 28, '1610215200', 0),
(408, 28, '1610388000', 0),
(409, 28, '1610474400', 0),
(410, 28, '1610560800', 0),
(411, 28, '1610647200', 0),
(412, 28, '1610733600', 0),
(413, 28, '1610820000', 0),
(414, 28, '1610992800', 0),
(415, 28, '1611079200', 0),
(416, 28, '1611165600', 0),
(417, 28, '1611252000', 0),
(418, 28, '1611338400', 0),
(419, 28, '1611424800', 0),
(420, 28, '1611597600', 0),
(421, 28, '1611684000', 0),
(422, 28, '1611770400', 0),
(423, 28, '1611856800', 0),
(424, 28, '1611943200', 0),
(425, 28, '1612029600', 0);

-- --------------------------------------------------------

--
-- Table structure for table `tbl_user`
--

CREATE TABLE `tbl_user` (
  `id` int(11) NOT NULL,
  `address` varchar(255) NOT NULL,
  `photo` text NOT NULL,
  `name` varchar(255) NOT NULL,
  `email` varchar(255) NOT NULL,
  `mobile` varchar(255) NOT NULL,
  `password` varchar(255) NOT NULL,
  `dob` varchar(255) NOT NULL,
  `parant_id` int(100) NOT NULL,
  `deprtment` varchar(255) NOT NULL,
  `type` varchar(255) NOT NULL
) ENGINE=InnoDB DEFAULT CHARSET=latin1;

--
-- Dumping data for table `tbl_user`
--

INSERT INTO `tbl_user` (`id`, `address`, `photo`, `name`, `email`, `mobile`, `password`, `dob`, `parant_id`, `deprtment`, `type`) VALUES
(1, '', '', '', 'admin@gmail.com', '', '123', '', 0, '', 'admin'),
(2, 'Chuhatta,sylhet', '', 'Sylhet Sahid Shamsuddin', 'shamsuddin@gmail.com', '01245679967', '1234', '', 0, '', 'hospital'),
(5, 'Kajolsah,sylhet', '', 'Sylhet M A G Osmani Medica', 'osmani@gmail.com', '0178376656', '1234', '', 0, '', 'hospital'),
(8, 'Mount', '19.jpg', 'DR MUHAMMAD', 'karim@gmail.com', '01688532367', '1234', '', 2, 'Medicine', 'doctor'),
(9, 'Oasis Hospital Sylhet Subhanighat Sylhet', '01ahbab-1.png', 'Dr Goutam Kumar Roy', 'Goutam@gmail.com', '01611-99 0000', '1234', '', 2, 'Gastroenterology', 'doctor'),
(10, 'Subhanighat Sylhe', 'images.jpg', 'Md Faizul Islam Chowdhury', 'Chowdhury@gmail.com', '01611-99 0000', '12345', '', 2, 'Medicine', 'doctor'),
(11, 'Popular Pain Management Center', 'imagesuyfy.jpg', 'Md Shahnewaz Chowdhury', 'Shahnewaz@gmail.com', '01842-995065', '1234', '', 2, 'Anesthesiology & Pain Medicine Specialist', 'doctor'),
(12, 'Akhali,Modina market,Sylhet.', '', 'Mount Adora Hospital', 'mountadura@gmail.com', '01712563768', '1234', '', 0, '', 'hospital'),
(14, 'Akhali,Modina market,Sylhet.', '01ahbab-11.png', 'DR MUHAMMAD asd', 'muhamod@gmail.com', '0173876566', '1234', '', 12, 'Medicine', 'doctor'),
(15, ' N206, Sylhet, Sylhet Division, Sylhet 3100', '', 'Al Haramain Hospital Private Limited', 'haramain@gmail.com', '0821729981', '1234', '', 0, '', 'hospital'),
(16, 'Al Haramain Hospital Pvt. Ltd.', 'Capturettg.PNG', 'Dr Khandaker Abu Talha', 'khandaker@gmail.com', '0821729982', '1234', '', 15, 'Neurosurgery', 'doctor'),
(17, 'Al Haramain Hospital Pvt. Ltd.', 'Capthure.PNG', 'Dr Rahat Amin Chowdhury', 'rahatamin@gmail.com', '01688532367', '1234', '', 15, 'Neurology', 'doctor'),
(18, 'Al Haramain Hospital Pvt. Ltd.', 'Chyapture.PNG', 'Prof Dr Shamsun Nahar Begum Hena', 'shamsun@gmail.com', '0821729981', '1234', '', 15, 'Gynaecology & Obstetrics', 'doctor'),
(20, 'Mount Adora', 'Capthure1.PNG', 'Dr Md Shah Emran', 'emran@gmail.com', '01688532367', '1234', '', 19, 'Medicine', 'doctor'),
(25, 'Dargah Gate', '', 'NOORJAHAN HOSPITAL', 'noor@gmail.com', '01790482281', '1234', '', 0, '', 'hospital'),
(26, 'Dargah Gate,sylhet', 'Capthure4.PNG', 'Dr Md Shah Emran', 'emran@gmail.com', '01790482281', '1234', '', 24, 'Medicine', 'doctor'),
(27, 'Kajol shah M.A.G. Osmani.', '', 'SQUARE Hospitals Ltd', 'square@gmail.com', '01790482281', '1234', '', 0, '', 'hospital'),
(28, 'Dargah Gate,sylhet', '01ahbab-12.png', 'Dr Delowar Hossain Titu', 'delowar@gmail.com', '0161199 0000', '1234', '', 27, 'Kidney', 'doctor');

--
-- Indexes for dumped tables
--

--
-- Indexes for table `tbl_message`
--
ALTER TABLE `tbl_message`
  ADD PRIMARY KEY (`id`);

--
-- Indexes for table `tbl_offday`
--
ALTER TABLE `tbl_offday`
  ADD PRIMARY KEY (`id`);

--
-- Indexes for table `tbl_schedule`
--
ALTER TABLE `tbl_schedule`
  ADD PRIMARY KEY (`id`);

--
-- Indexes for table `tbl_user`
--
ALTER TABLE `tbl_user`
  ADD PRIMARY KEY (`id`);

--
-- AUTO_INCREMENT for dumped tables
--

--
-- AUTO_INCREMENT for table `tbl_message`
--
ALTER TABLE `tbl_message`
  MODIFY `id` int(11) NOT NULL AUTO_INCREMENT, AUTO_INCREMENT=10;
--
-- AUTO_INCREMENT for table `tbl_offday`
--
ALTER TABLE `tbl_offday`
  MODIFY `id` int(255) NOT NULL AUTO_INCREMENT, AUTO_INCREMENT=17;
--
-- AUTO_INCREMENT for table `tbl_schedule`
--
ALTER TABLE `tbl_schedule`
  MODIFY `id` int(100) NOT NULL AUTO_INCREMENT, AUTO_INCREMENT=426;
--
-- AUTO_INCREMENT for table `tbl_user`
--
ALTER TABLE `tbl_user`
  MODIFY `id` int(11) NOT NULL AUTO_INCREMENT, AUTO_INCREMENT=31;
/*!40101 SET CHARACTER_SET_CLIENT=@OLD_CHARACTER_SET_CLIENT */;
/*!40101 SET CHARACTER_SET_RESULTS=@OLD_CHARACTER_SET_RESULTS */;
/*!40101 SET COLLATION_CONNECTION=@OLD_COLLATION_CONNECTION */;
